Target,SemRelated_Prime,Unrelated_Prime
pant,jean,crow
jean,pant,dove
crow,dove,pant
dove,crow,jean
frog,newt,earl
newt,frog,duke
earl,duke,frog
duke,earl,newt
exam,test,fowl
test,exam,bird
fowl,bird,exam
bird,fowl,test
swan,duck,robe
duck,swan,vest
robe,vest,swan
vest,robe,duck
zinc,lead,barf
lead,zinc,puke
barf,puke,zinc
puke,barf,lead
debt,loan,mice
loan,debt,puss
mice,puss,debt
puss,mice,loan
lion,puma,axes
puma,lion,maul
axes,maul,lion
maul,axes,puma
stag,buck,rose
buck,stag,lily
rose,lily,stag
lily,rose,buck
dish,bowl,hurt
bowl,dish,pain
hurt,pain,dish
pain,hurt,bowl
pony,mare,gram
mare,pony,kilo
gram,kilo,pony
kilo,gram,mare
bath,sink,gull
sink,bath,coot
gull,coot,bath
coot,gull,sink
dime,cent,nova
cent,dime,star
nova,star,dime
star,nova,cent
lore,myth,pact
myth,lore,deal
pact,deal,lore
deal,pact,myth
silk,wool,rage
wool,silk,fury
rage,fury,silk
fury,rage,wool
fish,tuna,wept
tuna,fish,bawl
wept,bawl,fish
bawl,wept,tuna
king,tsar,herb
tsar,king,sage
herb,sage,king
sage,herb,tsar
limb,hand,knit
hand,limb,sewn
knit,sewn,limb
sewn,knit,hand
plot,tale,dung
tale,plot,crap
dung,crap,plot
crap,dung,tale
lynx,hare,ovum
hare,lynx,cell
ovum,cell,lynx
cell,ovum,hare
tuck,darn,glue
darn,tuck,inks
glue,inks,tuck
inks,glue,darn
tick,flea,onyx
flea,tick,jade
onyx,jade,tick
jade,onyx,flea
glen,hill,funk
hill,glen,jazz
funk,jazz,glen
jazz,funk,hill
bush,tree,soil
tree,bush,dirt
soil,dirt,bush
dirt,soil,tree
lamb,deer,inch
deer,lamb,span
inch,span,lamb
span,inch,deer
moss,fern,haze
fern,moss,smog
haze,smog,moss
smog,haze,fern
lark,wren,acne
wren,lark,itch
acne,itch,lark
itch,acne,wren
lure,bait,shed
bait,lure,room
shed,room,lure
room,shed,bait
kale,leek,boat
leek,kale,ship
boat,ship,kale
ship,boat,leek
barn,silo,mope
silo,barn,glum
mope,glum,barn
glum,mope,silo
wasp,bees,kiwi
bees,wasp,plum
kiwi,plum,wasp
plum,kiwi,bees
oxen,bull,mayo
bull,oxen,slaw
mayo,slaw,oxen
slaw,mayo,bull
cafe,deli,whoa
deli,cafe,oops
whoa,oops,cafe
oops,whoa,deli
pond,lake,riot
lake,pond,thug
riot,thug,pond
thug,riot,lake
beer,sake,pill
sake,beer,drug
pill,drug,beer
drug,pill,sake
face,head,posh
head,face,snob
posh,snob,face
snob,posh,head
rash,welt,nine
welt,rash,four
nine,four,rash
four,nine,welt
peel,rind,scam
rind,peel,dupe
scam,dupe,peel
dupe,scam,rind
boob,teat,spud
teat,boob,chip
spud,chip,boob
chip,spud,teat
sear,bake,goof
bake,sear,typo
goof,typo,sear
typo,goof,bake
gash,burn,lime
burn,gash,pear
lime,pear,gash
pear,lime,burn
duty,role,plus
role,duty,grid
plus,grid,duty
grid,plus,role
hone,rasp,alto
rasp,hone,diva
alto,diva,hone
diva,alto,rasp
boot,heel,taxi
heel,boot,auto
taxi,auto,boot
auto,taxi,heel
font,type,bulb
type,font,lamp
bulb,lamp,font
lamp,bulb,type
oboe,harp,luau
harp,oboe,fest
luau,fest,oboe
fest,luau,harp
moan,yelp,hint
yelp,moan,clue
hint,clue,moan
clue,hint,yelp
snot,nose,opal
nose,snot,ruby
opal,ruby,snot
ruby,opal,nose
path,road,tune
road,path,hymn
tune,hymn,path
hymn,tune,road
pork,beef,tray
beef,pork,case
tray,case,pork
case,tray,beef
vile,good,tush
good,vile,back
tush,back,vile
back,tush,good
quad,jeep,clog
jeep,quad,sock
clog,sock,quad
sock,clog,jeep
mead,wine,spur
wine,mead,trot
spur,trot,mead
trot,spur,wine
cyan,blue,mutt
blue,cyan,dogs
mutt,dogs,cyan
dogs,mutt,blue
sack,tote,bill
tote,sack,rent
bill,rent,sack
rent,bill,tote
bout,race,gyro
race,bout,stew
gyro,stew,bout
stew,gyro,race
carp,pike,suit
pike,carp,gown
suit,gown,carp
gown,suit,pike
plug,fuse,arms
fuse,plug,body
arms,body,plug
body,arms,fuse
loaf,pita,snow
pita,loaf,hail
snow,hail,loaf
hail,snow,pita
pore,skin,mama
skin,pore,aunt
mama,aunt,pore
aunt,mama,skin
shoe,pair,tofu
pair,shoe,idly
tofu,idly,shoe
idly,tofu,pair
bear,wolf,huge
wolf,bear,vast
huge,vast,bear
vast,huge,wolf
rice,bran,poop
bran,rice,turd
poop,turd,rice
turd,poop,bran
lace,felt,city
felt,lace,town
city,town,lace
town,city,felt
bomb,nuke,deck
nuke,bomb,step
deck,step,bomb
step,deck,nuke
gnat,moth,jury
moth,gnat,bail
jury,bail,gnat
bail,jury,moth
door,sill,cake
sill,door,flan
cake,flan,door
flan,cake,sill
bats,mole,show
mole,bats,play
show,play,bats
play,show,mole
lock,safe,also
safe,lock,thus
also,thus,lock
thus,also,safe
lens,zoom,clef
zoom,lens,mike
clef,mike,lens
mike,clef,zoom
meth,dope,stop
dope,meth,halt
stop,halt,meth
halt,stop,dope
yoga,pray,fund
pray,yoga,rich
fund,rich,yoga
rich,fund,pray
cold,warm,mint
warm,cold,aloe
mint,aloe,cold
aloe,mint,warm
hers,your,ally
your,hers,tact
ally,tact,hers
tact,ally,your
want,need,plan
need,want,boss
plan,boss,want
boss,plan,need
sale,cost,prey
cost,sale,bios
prey,bios,sale
bios,prey,cost
mood,vibe,leaf
vibe,mood,stem
leaf,stem,mood
stem,leaf,vibe
bode,omen,weak
omen,bode,puny
weak,puny,bode
puny,weak,omen
bold,wimp,spin
wimp,bold,axel
spin,axel,bold
axel,spin,wimp
lard,oven,flip
oven,lard,dive
flip,dive,lard
dive,flip,oven
yogi,diet,gawk
diet,yogi,ogle
gawk,ogle,yogi
ogle,gawk,diet
hoot,purr,vine
purr,hoot,reed
vine,reed,hoot
reed,vine,purr
hock,rump,sail
rump,hock,flag
sail,flag,hock
flag,sail,rump
raft,pump,mold
pump,raft,slug
mold,slug,raft
slug,mold,pump
lube,oily,eats
oily,lube,cook
eats,cook,lube
cook,eats,oily
eave,roof,cult
roof,eave,team
cult,team,eave
team,cult,roof
hawk,loon,afro
loon,hawk,jive
afro,jive,hawk
jive,afro,loon
june,week,alum
week,june,salt
alum,salt,june
salt,alum,week
reap,sown,fang
sown,reap,tusk
fang,tusk,reap
tusk,fang,sown
peso,watt,glob
watt,peso,ooze
glob,ooze,peso
ooze,glob,watt
seep,gush,cock
gush,seep,wing
cock,wing,seep
wing,cock,gush
bent,warp,vice
warp,bent,swab
vice,swab,bent
swab,vice,warp
sole,bass,amen
bass,sole,lent
amen,lent,sole
lent,amen,bass
dorm,frat,gasp
frat,dorm,sigh
gasp,sigh,dorm
sigh,gasp,frat
data,file,noun
file,data,they
noun,they,data
they,noun,file
lots,many,tire
many,lots,puck
tire,puck,lots
puck,tire,many
nape,chin,tong
chin,nape,spat
tong,spat,nape
spat,tong,chin
gent,dame,porn
dame,gent,orgy
porn,orgy,gent
orgy,porn,dame
gala,prom,deny
prom,gala,nope
deny,nope,gala
nope,deny,prom
guts,bile,soot
bile,guts,inky
soot,inky,guts
inky,soot,bile
vain,self,gout
self,vain,knee
gout,knee,vain
knee,gout,self
meld,ante,bony
ante,meld,jaws
bony,jaws,meld
jaws,bony,ante
boxy,dice,stat
dice,boxy,info
stat,info,boxy
info,stat,dice
lick,balm,upon
balm,lick,over
upon,over,lick
over,upon,balm
gosh,fuck,kiln
fuck,gosh,clay
kiln,clay,gosh
clay,kiln,fuck
blah,idle,curb
idle,blah,damn
curb,damn,blah
damn,curb,idle
rave,hula,drab
hula,rave,ashy
drab,ashy,rave
ashy,drab,hula
bond,visa,trek
visa,bond,camp
trek,camp,bond
camp,trek,visa
tame,wild,crib
wild,tame,bunk
crib,bunk,tame
bunk,crib,wild
monk,hell,duet
hell,monk,trio
duet,trio,monk
trio,duet,hell
rite,sect,drum
sect,rite,gong
drum,gong,rite
gong,drum,sect
perm,comb,slap
comb,perm,bite
slap,bite,perm
bite,slap,comb
lice,bald,ajar
bald,lice,shut
ajar,shut,lice
shut,ajar,bald
doer,busy,main
busy,doer,crux
main,crux,doer
crux,main,busy
dome,hall,news
hall,dome,what
news,what,dome
what,news,hall
hemp,dill,gore
dill,hemp,clot
gore,clot,hemp
clot,gore,dill
loop,tied,heal
tied,loop,cure
heal,cure,loop
cure,heal,tied
vise,hook,kelp
hook,vise,clam
kelp,clam,vise
clam,kelp,hook
woof,oink,mast
oink,woof,hull
mast,hull,woof
hull,mast,oink
tyke,kids,blog
kids,tyke,mail
blog,mail,tyke
mail,blog,kids
corn,oats,envy
oats,corn,lust
envy,lust,corn
lust,envy,oats
soup,taco,peak
taco,soup,apex
peak,apex,soup
apex,peak,taco
turf,lawn,mono
lawn,turf,aids
mono,aids,turf
aids,mono,lawn
poor,slum,yarn
slum,poor,bead
yarn,bead,poor
bead,yarn,slum
pane,slab,goes
slab,pane,into
goes,into,pane
into,goes,slab
flew,soar,unto
soar,flew,thou
unto,thou,flew
thou,unto,soar
musk,shit,gimp
shit,musk,code
gimp,code,musk
code,gimp,shit
ammo,trap,bolt
trap,ammo,nail
bolt,nail,ammo
nail,bolt,trap
bean,okra,dusk
okra,bean,hazy
dusk,hazy,bean
hazy,dusk,okra
cram,ditz,flop
ditz,cram,hype
flop,hype,cram
hype,flop,ditz
coed,dean,saga
dean,coed,epic
saga,epic,coed
epic,saga,dean
iced,rink,goat
rink,iced,calf
goat,calf,iced
calf,goat,rink
ball,mitt,worm
mitt,ball,grub
worm,grub,ball
grub,worm,mitt
bike,sled,mask
sled,bike,veil
mask,veil,bike
veil,mask,sled
sand,mesa,hoof
mesa,sand,claw
hoof,claw,sand
claw,hoof,mesa
vase,arch,tent
arch,vase,hood
tent,hood,vase
hood,tent,arch
soap,wipe,cart
wipe,soap,reel
cart,reel,soap
reel,cart,wipe
milk,whey,nest
whey,milk,coop
nest,coop,milk
coop,nest,whey
tape,wrap,foot
wrap,tape,shin
foot,shin,tape
shin,foot,wrap
belt,sash,crab
sash,belt,mite
crab,mite,belt
mite,crab,sash
fork,rake,mist
rake,fork,dewy
mist,dewy,fork
dewy,mist,rake
girl,lady,whip
lady,girl,prod
whip,prod,girl
prod,whip,lady
yard,home,film
home,yard,skit
film,skit,yard
skit,film,home
ring,gold,scab
gold,ring,cast
scab,cast,ring
cast,scab,gold
tank,army,pool
army,tank,mere
pool,mere,tank
mere,pool,army
veal,loin,duct
loin,veal,wire
duct,wire,veal
wire,duct,loin
tomb,bury,meal
bury,tomb,hash
meal,hash,tomb
hash,meal,bury
fire,boil,prop
boil,fire,scat
prop,scat,fire
scat,prop,boil
band,opus,cove
opus,band,gulf
cove,gulf,band
gulf,cove,opus
note,memo,suds
memo,note,wash
suds,wash,note
wash,suds,memo
mink,pelt,chop
pelt,mink,trim
chop,trim,mink
trim,chop,pelt
site,area,gang
area,site,clan
gang,clan,site
clan,gang,area
male,womb,blur
womb,male,seen
blur,seen,male
seen,blur,womb
papa,sons,brie
sons,papa,curd
brie,curd,papa
curd,brie,sons
sing,yell,arts
yell,sing,muse
arts,muse,sing
muse,arts,yell
root,pulp,jack
pulp,root,gear
jack,gear,root
gear,jack,pulp
shop,work,beat
work,shop,pace
beat,pace,shop
pace,beat,work
acid,sour,talk
sour,acid,oral
talk,oral,acid
oral,talk,sour
fare,toll,quip
toll,fare,jest
quip,jest,fare
jest,quip,toll
bump,sore,tidy
sore,bump,neat
tidy,neat,bump
neat,tidy,sore
ogre,yeti,slow
yeti,ogre,lull
slow,lull,ogre
lull,slow,yeti
meow,howl,guru
howl,meow,wise
guru,wise,meow
wise,guru,howl
five,zero,bulk
zero,five,used
bulk,used,five
used,bulk,zero
loud,hear,obey
hear,loud,rule
obey,rule,loud
rule,obey,hear
mile,afar,kept
afar,mile,took
kept,took,mile
took,kept,afar
doze,rest,odds
rest,doze,vary
odds,vary,doze
vary,odds,rest
year,noel,fact
noel,year,true
fact,true,year
true,fact,noel
hour,time,less
time,hour,much
less,much,hour
much,less,time
bonk,wham,same
wham,bonk,akin
same,akin,bonk
akin,same,wham
dolt,redo,glad
redo,dolt,hate
glad,hate,dolt
hate,glad,redo
lost,find,zeal
find,lost,glee
zeal,glee,lost
glee,zeal,find
cozy,snug,have
snug,cozy,been
have,been,cozy
been,have,snug
help,care,mind
care,help,soul
mind,soul,help
soul,mind,care
foul,yuck,urge
yuck,foul,whim
urge,whim,foul
whim,urge,yuck
ploy,ruse,avid
ruse,ploy,keen
avid,keen,ploy
keen,avid,ruse
