WordInds,LexSemErr,ThresholdCrossingIteration,ONsize,Frequency,NumSemFeats,ThresholdWasCrossed,CorrectItemCrossed,WordThatCrossed,Dummy_name,Dummy_code,WordInput
1,914.3235424815488,11,9,1.6990000009536743,9,True,1.0,pant,dummy,0,pant
261,867.7845186370214,6,5,2.9565999507904053,13,True,1.0,jean,dummy,0,jean
155,880.9390330217673,9,5,2.3578999042510986,7,True,1.0,crow,dummy,0,crow
335,939.7347109492257,10,12,2.4547998905181885,10,True,1.0,dove,dummy,0,dove
12,885.4640576162959,6,2,2.7809998989105225,14,True,1.0,frog,dummy,0,frog
442,800.0784300549657,6,4,1.8387999534606934,10,True,1.0,newt,dummy,0,newt
135,798.2878904563877,6,1,3.0183000564575195,10,True,1.0,earl,dummy,0,earl
972,893.7872108519468,9,7,3.1064999103546143,13,True,1.0,duke,dummy,0,duke
214,677.6587815621521,4,0,2.835700035095215,8,True,1.0,exam,dummy,0,exam
992,918.0814432941759,9,12,3.6324000358581543,11,True,1.0,test,dummy,0,test
157,919.9269176342912,8,8,1.5563000440597534,12,True,1.0,fowl,dummy,0,fowl
514,924.4223537230157,7,1,3.365299940109253,11,True,1.0,bird,dummy,0,bird
542,898.5576050679676,8,8,2.542799949645996,15,True,1.0,swan,dummy,0,swan
603,927.2686780574577,11,14,3.1017000675201416,15,True,1.0,duck,dummy,0,duck
2,828.7461418111519,7,5,2.637500047683716,10,True,1.0,robe,dummy,0,robe
781,924.0257306957044,9,11,2.4547998905181885,11,True,1.0,vest,dummy,0,vest
146,706.5092992995992,4,1,1.6434999704360962,11,True,1.0,zinc,dummy,0,zinc
938,916.6845249612377,10,12,3.6280999183654785,16,True,1.0,lead,dummy,0,lead
369,828.7217946666972,6,4,2.004300117492676,10,True,1.0,barf,dummy,0,barf
755,922.7892586860614,8,5,2.5051000118255615,10,True,1.0,puke,dummy,0,puke
246,749.5298364964527,5,1,2.8608999252319336,9,True,1.0,debt,dummy,0,debt
1080,913.7001705895243,9,6,3.00600004196167,9,True,1.0,loan,dummy,0,loan
441,927.7915903308598,10,11,2.5262999534606934,10,True,1.0,mice,dummy,0,mice
905,906.3170419997296,8,5,2.176100015640259,13,True,1.0,puss,dummy,0,puss
422,914.9065450582042,6,1,2.8942999839782715,16,True,1.0,lion,dummy,0,lion
616,811.6289422901486,6,1,0.9031000137329102,9,True,1.0,puma,dummy,0,puma
721,789.3254585000226,8,4,1.5563000440597534,11,True,1.0,axes,dummy,0,axes
963,834.375776408644,7,3,1.2303999662399292,9,True,1.0,maul,dummy,0,maul
439,857.9555749128647,7,7,1.9138000011444092,8,True,1.0,stag,dummy,0,stag
723,925.302729528479,9,11,3.2360000610351562,11,True,1.0,buck,dummy,0,buck
566,916.9234019305426,11,12,3.4321999549865723,11,True,1.0,rose,dummy,0,rose
711,888.3313184394863,7,1,3.13700008392334,10,True,1.0,lily,dummy,0,lily
573,924.5516178046239,8,6,2.767199993133545,16,True,1.0,dish,dummy,0,dish
599,865.1860174382182,8,6,3.039400100708008,9,True,1.0,bowl,dummy,0,bowl
1117,910.2232603455695,8,3,4.0991997718811035,9,True,1.0,hurt,dummy,0,hurt
1152,912.947264312816,8,7,3.6986000537872314,13,True,1.0,pain,dummy,0,pain
576,903.1168644579451,8,5,2.617000102996826,11,True,1.0,pony,dummy,0,pony
680,918.0446758960683,11,18,2.1731998920440674,13,True,1.0,mare,dummy,0,mare
8,893.722181645347,9,6,2.1238999366760254,7,True,1.0,gram,dummy,0,gram
1239,836.5530162792423,6,4,1.9084999561309814,10,True,1.0,kilo,dummy,0,kilo
620,895.2362720454994,9,6,3.200900077819824,10,True,1.0,bath,dummy,0,bath
684,901.936756747745,11,12,2.936500072479248,8,True,1.0,sink,dummy,0,sink
946,925.6220438675475,9,11,1.7559000253677368,13,True,1.0,gull,dummy,0,gull
1261,924.8903555991953,12,15,1.5681999921798706,9,True,1.0,coot,dummy,0,coot
623,924.5253135511712,9,10,2.789599895477295,14,True,1.0,dime,dummy,0,dime
909,904.7165663703618,9,10,2.684799909591675,12,True,1.0,cent,dummy,0,cent
118,749.7694754497691,5,0,2.433000087738037,7,True,1.0,nova,dummy,0,nova
709,918.234957961509,9,9,3.618000030517578,13,True,1.0,star,dummy,0,star
1437,919.8120464900967,12,16,1.544100046157837,9,True,1.0,lore,dummy,0,lore
1466,737.0507817078968,5,3,2.547800064086914,6,True,1.0,myth,dummy,0,myth
270,919.2716242570062,9,7,2.285599946975708,10,True,1.0,pact,dummy,0,pact
1255,924.4930571802073,11,14,4.124899864196777,11,True,1.0,deal,dummy,0,deal
41,902.7599366804625,9,7,2.6989998817443848,12,True,1.0,silk,dummy,0,silk
610,897.2768134270809,8,6,2.2095000743865967,9,True,1.0,wool,dummy,0,wool
1251,853.9523398660224,8,10,2.761899948120117,8,True,1.0,rage,dummy,0,rage
1311,870.4005010422585,7,2,2.29229998588562,8,True,1.0,fury,dummy,0,fury
510,916.768269849189,7,3,3.629300117492676,14,True,1.0,fish,dummy,0,fish
585,822.1155309714226,6,2,2.6117000579833984,12,True,1.0,tuna,dummy,0,tuna
910,801.913278392896,6,4,1.857300043106079,8,True,1.0,wept,dummy,0,wept
1150,844.3638473418887,7,3,1.462399959564209,7,True,1.0,bawl,dummy,0,bawl
937,864.5184159303386,7,8,3.8190999031066895,7,True,1.0,king,dummy,0,king
1003,642.417954198623,4,1,1.3009999990463257,9,True,1.0,tsar,dummy,0,tsar
22,841.0648935508992,7,5,2.4065001010894775,12,True,1.0,herb,dummy,0,herb
241,910.6618451687833,9,12,1.954200029373169,11,True,1.0,sage,dummy,0,sage
26,855.8936030125931,7,5,2.3784000873565674,10,True,1.0,limb,dummy,0,limb
692,908.8845243448711,9,7,4.154200077056885,11,True,1.0,hand,dummy,0,hand
30,795.856830470714,6,2,1.9911999702453613,11,True,1.0,knit,dummy,0,knit
1034,844.509424581716,7,2,1.8260999917984009,10,True,1.0,sewn,dummy,0,sewn
57,917.8812276480694,9,7,2.7723000049591064,11,True,1.0,plot,dummy,0,plot
1222,910.4676868911614,11,13,2.7874999046325684,11,True,1.0,tale,dummy,0,tale
61,877.9603757442079,9,7,1.9589999914169312,6,True,1.0,dung,dummy,0,dung
138,896.1157509049641,9,7,3.4986000061035156,7,True,1.0,crap,dummy,0,crap
62,651.0267624459951,4,0,0.3009999990463257,8,True,1.0,lynx,dummy,0,lynx
595,919.7960800637877,12,16,2.29229998588562,8,True,1.0,hare,dummy,0,hare
275,745.1627627663818,4,0,0.9031000137329102,13,True,1.0,ovum,dummy,0,ovum
821,917.4559902197414,8,10,3.4428999423980713,11,True,1.0,cell,dummy,0,cell
92,874.5393954581999,10,11,2.609600067138672,10,True,1.0,tuck,dummy,0,tuck
1287,913.4518907755912,10,9,2.851300001144409,8,True,1.0,darn,dummy,0,darn
240,911.5562948948846,8,4,2.478600025177002,11,True,1.0,glue,dummy,0,glue
815,662.7207935125296,5,1,1.0,14,True,1.0,inks,dummy,0,inks
141,909.0149063322646,9,10,2.5694000720977783,10,True,1.0,tick,dummy,0,tick
587,807.7632832212137,7,5,2.2304000854492188,8,True,1.0,flea,dummy,0,flea
213,566.8753619543926,3,0,1.2553000450134277,11,True,1.0,onyx,dummy,0,onyx
836,853.7795946145723,6,3,2.4149999618530273,9,True,1.0,jade,dummy,0,jade
142,876.9119570478612,6,1,2.56469988822937,12,True,1.0,glen,dummy,0,glen
549,931.0795268613301,10,12,3.282399892807007,13,True,1.0,hill,dummy,0,hill
170,918.9026940336428,9,9,2.2095000743865967,9,True,1.0,funk,dummy,0,funk
196,678.1796103939403,4,0,2.784600019454956,9,True,1.0,jazz,dummy,0,jazz
178,926.6419374536406,9,10,2.8578999042510986,10,True,1.0,bush,dummy,0,bush
511,913.4334338505143,8,4,3.5206000804901123,15,True,1.0,tree,dummy,0,tree
294,907.4584772237649,9,6,2.599900007247925,11,True,1.0,soil,dummy,0,soil
602,871.4532688976676,8,3,3.1175999641418457,5,True,1.0,dirt,dummy,0,dirt
186,906.222517133128,7,3,2.734800100326538,12,True,1.0,lamb,dummy,0,lamb
608,937.8051138586641,11,11,2.648400068283081,10,True,1.0,deer,dummy,0,deer
384,733.5295840517376,5,1,2.8006999492645264,7,True,1.0,inch,dummy,0,inch
1291,862.3338660270559,10,8,2.0085999965667725,4,True,1.0,span,dummy,0,span
191,913.4822856486287,9,7,2.164400100708008,8,True,1.0,moss,dummy,0,moss
524,888.4545166979821,6,0,2.2147998809814453,9,True,1.0,fern,dummy,0,fern
266,822.6839162588261,8,7,1.8920999765396118,9,True,1.0,haze,dummy,0,haze
488,737.5010105115073,5,1,1.7482000589370728,9,True,1.0,smog,dummy,0,smog
230,911.1829705965432,9,8,1.924299955368042,10,True,1.0,lark,dummy,0,lark
470,828.7502015096355,6,1,1.3009999990463257,6,True,1.0,wren,dummy,0,wren
405,783.3277491123501,6,2,1.6720999479293823,11,True,1.0,acne,dummy,0,acne
1242,723.6926085254312,5,2,2.330399990081787,11,True,1.0,itch,dummy,0,itch
233,902.4858721980714,9,7,2.3385000228881836,7,True,1.0,lure,dummy,0,lure
271,878.7334502220959,8,3,2.6963999271392822,6,True,1.0,bait,dummy,0,bait
314,922.7925835733301,7,3,2.749000072479248,11,True,1.0,shed,dummy,0,shed
654,910.8273178091597,9,8,4.350599765777588,15,True,1.0,room,dummy,0,room
251,840.9884509733616,7,6,1.462399959564209,11,True,1.0,kale,dummy,0,kale
559,916.0405740059916,9,8,1.2041000127792358,9,True,1.0,leek,dummy,0,leek
548,901.9657280127627,10,9,3.688999891281128,14,True,1.0,boat,dummy,0,boat
597,919.2668648022445,10,8,3.7028000354766846,10,True,1.0,ship,dummy,0,ship
285,927.6491426531984,10,10,2.841399908065796,8,True,1.0,barn,dummy,0,barn
880,845.4859507735657,7,5,1.6901999711990356,9,True,1.0,silo,dummy,0,silo
25,880.3585823698179,8,10,1.544100046157837,8,True,1.0,mope,dummy,0,mope
1474,857.227444893923,8,5,1.7243000268936157,8,True,1.0,glum,dummy,0,glum
319,909.1083093462955,9,5,1.8691999912261963,8,True,1.0,wasp,dummy,0,wasp
696,903.155409124058,7,5,2.436199903488159,13,True,1.0,bees,dummy,0,bees
505,677.8729581035708,4,0,1.6128000020980835,11,True,1.0,kiwi,dummy,0,kiwi
626,889.758146518759,8,5,2.243000030517578,12,True,1.0,plum,dummy,0,plum
454,757.6536163228881,5,3,1.3617000579833984,10,True,1.0,oxen,dummy,0,oxen
621,928.4711543321553,10,12,3.14739990234375,8,True,1.0,bull,dummy,0,bull
545,745.3534699007056,4,0,2.2227001190185547,14,True,1.0,mayo,dummy,0,mayo
736,925.4678572793307,10,9,1.2553000450134277,10,True,1.0,slaw,dummy,0,slaw
544,850.7112261408307,7,9,2.413300037384033,10,True,1.0,cafe,dummy,0,cafe
763,697.1109152882989,5,1,2.037400007247925,7,True,1.0,deli,dummy,0,deli
114,776.7023903193674,5,1,3.904400110244751,8,True,1.0,whoa,dummy,0,whoa
1483,758.6551475816016,5,1,2.7458999156951904,6,True,1.0,oops,dummy,0,oops
578,896.7224108316234,8,3,2.510499954223633,9,True,1.0,pond,dummy,0,pond
592,931.0665358304304,9,13,3.2641000747680664,9,True,1.0,lake,dummy,0,lake
174,911.5343617135155,7,2,2.5211000442504883,13,True,1.0,riot,dummy,0,riot
877,833.6004171499872,7,3,2.2528998851776123,11,True,1.0,thug,dummy,0,thug
590,927.8443095156717,9,11,3.585599899291992,12,True,1.0,beer,dummy,0,beer
1338,938.2435341204248,9,15,3.514899969100952,11,True,1.0,sake,dummy,0,sake
695,920.3183306794215,9,12,2.7809998989105225,15,True,1.0,pill,dummy,0,pill
798,841.9588603900662,6,2,3.36299991607666,12,True,1.0,drug,dummy,0,drug
596,912.65804800837,9,10,4.168700218200684,9,True,1.0,face,dummy,0,face
676,916.1629040960012,10,11,4.277599811553955,9,True,1.0,head,dummy,0,head
144,895.7065174583191,9,6,1.8194999694824219,6,True,1.0,posh,dummy,0,posh
1347,810.4826755309257,8,5,2.0492000579833984,7,True,1.0,snob,dummy,0,snob
744,935.2845491233971,9,11,2.613800048828125,12,True,1.0,rash,dummy,0,rash
830,912.7338045301234,10,10,1.0,9,True,1.0,welt,dummy,0,welt
958,871.3237444670731,8,9,3.536799907684326,8,True,1.0,nine,dummy,0,nine
1188,877.0171455149373,8,6,4.115499973297119,9,True,1.0,four,dummy,0,four
751,883.71384095994,9,8,2.4377999305725098,6,True,1.0,peel,dummy,0,peel
805,889.5061017875644,9,9,1.1761000156402588,6,True,1.0,rind,dummy,0,rind
1367,819.4703873314982,8,10,2.4969000816345215,6,True,1.0,scam,dummy,0,scam
1456,847.9316926683168,7,4,1.531499981880188,6,True,1.0,dupe,dummy,0,dupe
838,871.3244575933988,8,6,2.1875,10,True,1.0,boob,dummy,0,boob
843,913.6583809046472,11,13,1.2303999662399292,7,True,1.0,teat,dummy,0,teat
71,842.7883901712587,7,4,1.6812000274658203,10,True,1.0,spud,dummy,0,spud
698,897.4175605121096,9,7,3.0220000743865967,9,True,1.0,chip,dummy,0,chip
23,930.7776560575952,11,18,1.079200029373169,8,True,1.0,sear,dummy,0,sear
903,932.7294316474965,10,13,2.510499954223633,9,True,1.0,bake,dummy,0,bake
152,824.3379845486008,8,8,2.0569000244140625,4,True,1.0,goof,dummy,0,goof
1108,697.3316765249846,6,2,1.544100046157837,8,True,1.0,typo,dummy,0,typo
40,925.4261629265172,9,12,1.5563000440597534,11,True,1.0,gash,dummy,0,gash
931,891.8970861700238,9,6,3.4498000144958496,7,True,1.0,burn,dummy,0,burn
49,929.9698265264609,12,13,2.2279000282287598,11,True,1.0,lime,dummy,0,lime
557,923.6371737046113,9,13,1.8387999534606934,10,True,1.0,pear,dummy,0,pear
46,824.4725880971243,6,1,3.4149999618530273,6,True,1.0,duty,dummy,0,duty
1461,905.674924695512,10,12,2.9684998989105225,8,True,1.0,role,dummy,0,role
305,818.2966175291446,6,2,3.380199909210205,7,True,1.0,plus,dummy,0,plus
375,884.249225434429,8,6,2.4518001079559326,8,True,1.0,grid,dummy,0,grid
47,916.3153662891254,10,13,1.579800009727478,5,True,1.0,hone,dummy,0,hone
364,869.003713504376,7,4,0.7781999707221985,10,True,1.0,rasp,dummy,0,rasp
195,779.976435435106,6,2,1.8451000452041626,8,True,1.0,alto,dummy,0,alto
1105,797.6301545037354,5,1,1.8976000547409058,8,True,1.0,diva,dummy,0,diva
159,927.6496294864994,12,16,2.7551000118255615,10,True,1.0,boot,dummy,0,boot
609,853.4547448123133,9,7,2.577500104904175,6,True,1.0,heel,dummy,0,heel
162,650.0949664772672,4,0,3.1201999187469482,12,True,1.0,taxi,dummy,0,taxi
475,827.0579769687158,6,1,2.5933001041412354,12,True,1.0,auto,dummy,0,auto
161,895.3527709694603,9,4,1.6901999711990356,9,True,1.0,font,dummy,0,font
163,745.3336216657069,8,4,3.490499973297119,5,True,1.0,type,dummy,0,type
203,850.9883365893456,6,2,2.3032000064849854,13,True,1.0,bulb,dummy,0,bulb
534,932.9521664488726,10,8,2.81820011138916,11,True,1.0,lamp,dummy,0,lamp
185,657.2427421854628,4,0,1.2788000106811523,12,True,1.0,oboe,dummy,0,oboe
277,912.8808744811176,8,7,2.1303000450134277,11,True,1.0,harp,dummy,0,harp
342,705.8886021107089,5,0,1.9031000137329102,8,True,1.0,luau,dummy,0,luau
1093,920.6756366749378,10,13,1.8451000452041626,10,True,1.0,fest,dummy,0,fest
202,895.5088956822177,8,4,1.986799955368042,9,True,1.0,moan,dummy,0,moan
273,733.5334493495118,6,3,0.9031000137329102,6,True,1.0,yelp,dummy,0,yelp
346,904.5378501676117,8,6,2.672100067138672,9,True,1.0,hint,dummy,0,hint
480,873.6699842145639,7,3,2.9537999629974365,7,True,1.0,clue,dummy,0,clue
210,913.0322977867257,9,7,2.037400007247925,11,True,1.0,snot,dummy,0,snot
581,923.6914684122627,9,10,3.5511999130249023,11,True,1.0,nose,dummy,0,nose
221,797.8056720559962,5,2,1.7243000268936157,9,True,1.0,opal,dummy,0,opal
671,781.1397328443493,5,0,2.783900022506714,11,True,1.0,ruby,dummy,0,ruby
234,836.8370316105263,7,3,3.0980000495910645,6,True,1.0,path,dummy,0,path
677,904.2951808764119,9,5,3.7565999031066895,11,True,1.0,road,dummy,0,road
244,898.6657759155856,9,5,2.9014999866485596,12,True,1.0,tune,dummy,0,tune
961,745.4668509326827,4,0,1.924299955368042,10,True,1.0,hymn,dummy,0,hymn
282,907.1157084709121,10,9,2.730799913406372,10,True,1.0,pork,dummy,0,pork
683,877.1655166657438,7,6,3.0025999546051025,13,True,1.0,beef,dummy,0,beef
440,927.1809082419388,8,4,2.613800048828125,11,True,1.0,tray,dummy,0,tray
990,917.6242953735064,11,13,4.1585001945495605,10,True,1.0,case,dummy,0,case
297,865.7309292263202,9,10,2.3559999465942383,6,True,1.0,vile,dummy,0,vile
1543,904.8919192714513,9,8,5.124199867248535,12,True,1.0,good,dummy,0,good
507,904.9471975663233,8,8,1.8260999917984009,9,True,1.0,tush,dummy,0,tush
860,929.9796902521755,10,12,5.0106000900268555,8,True,1.0,back,dummy,0,back
299,647.2025470998885,4,0,1.9031000137329102,7,True,1.0,quad,dummy,0,quad
651,830.9359793254364,7,7,2.7202000617980957,9,True,1.0,jeep,dummy,0,jeep
367,840.9023072530472,7,3,1.6232000589370728,8,True,1.0,clog,dummy,0,clog
561,919.213659544663,11,11,2.661799907684326,8,True,1.0,sock,dummy,0,sock
301,915.5064972666457,9,10,1.7323999404907227,10,True,1.0,mead,dummy,0,mead
657,917.6522006834712,11,16,3.4883999824523926,7,True,1.0,wine,dummy,0,wine
499,840.2166274177789,7,5,1.8691999912261963,8,True,1.0,spur,dummy,0,spur
936,889.9178617097754,7,2,1.968500018119812,10,True,1.0,trot,dummy,0,trot
362,716.9859085526592,5,1,1.0,5,True,1.0,cyan,dummy,0,cyan
1068,867.8921231312595,7,3,3.717900037765503,7,True,1.0,blue,dummy,0,blue
365,885.8864619314236,9,5,2.307499885559082,8,True,1.0,mutt,dummy,0,mutt
513,783.6622198054674,6,2,3.4321999549865723,10,True,1.0,dogs,dummy,0,dogs
368,921.4755214033179,10,11,2.819499969482422,9,True,1.0,sack,dummy,0,sack
841,905.7260755628613,8,6,1.7482000589370728,12,True,1.0,tote,dummy,0,tote
717,927.2289212350909,10,13,3.7811999320983887,13,True,1.0,bill,dummy,0,bill
1156,924.5103370383124,10,13,3.246299982070923,10,True,1.0,rent,dummy,0,rent
376,863.8977815657518,8,5,2.989000082015991,7,True,1.0,bout,dummy,0,bout
1124,918.9874911419105,10,13,3.4993999004364014,12,True,1.0,race,dummy,0,race
814,705.7888548374592,4,0,1.2303999662399292,8,True,1.0,gyro,dummy,0,gyro
827,852.1116585398477,8,6,2.517199993133545,7,True,1.0,stew,dummy,0,stew
388,904.6434356440093,9,7,1.6021000146865845,6,True,1.0,carp,dummy,0,carp
495,922.1094253776146,10,10,2.3710999488830566,9,True,1.0,pike,dummy,0,pike
528,912.5521673270529,9,5,3.544100046157837,11,True,1.0,suit,dummy,0,suit
750,847.4418647055929,7,3,2.5250000953674316,7,True,1.0,gown,dummy,0,gown
419,880.7069133273344,7,3,2.7258999347686768,13,True,1.0,plug,dummy,0,plug
774,900.40146080792,8,4,2.396199941635132,11,True,1.0,fuse,dummy,0,fuse
529,786.894915149196,6,2,3.4844000339508057,9,True,1.0,arms,dummy,0,arms
655,814.0759627985757,6,3,3.998800039291382,10,True,1.0,body,dummy,0,body
458,826.4746195898242,7,3,2.359800100326538,8,True,1.0,loaf,dummy,0,loaf
883,819.7927533488885,6,1,1.7633999586105347,12,True,1.0,pita,dummy,0,pita
619,881.0026177628945,8,6,3.2040998935699463,11,True,1.0,snow,dummy,0,snow
866,928.2251180687566,10,13,2.7881999015808105,9,True,1.0,hail,dummy,0,hail
493,912.2084141887575,11,17,1.3978999853134155,10,True,1.0,pore,dummy,0,pore
658,833.1620585490061,8,7,3.351599931716919,14,True,1.0,skin,dummy,0,skin
872,827.1682216788442,6,0,3.7235000133514404,10,True,1.0,mama,dummy,0,mama
916,837.0325027192021,6,5,3.4495999813079834,11,True,1.0,aunt,dummy,0,aunt
532,892.8488469562129,7,3,3.1905999183654785,12,True,1.0,shoe,dummy,0,shoe
1015,856.0401456469323,8,5,3.2790000438690186,4,True,1.0,pair,dummy,0,pair
613,690.9653168158374,4,0,2.139899969100952,10,True,1.0,tofu,dummy,0,tofu
1469,731.7732510430534,5,1,1.5184999704360962,9,True,1.0,idly,dummy,0,idly
591,941.0579300316376,13,19,3.4667000770568848,8,True,1.0,bear,dummy,0,bear
661,830.3968658043835,7,2,3.014899969100952,8,True,1.0,wolf,dummy,0,wolf
1137,739.1471614184466,6,0,3.3922998905181885,3,True,1.0,huge,dummy,0,huge
1475,858.0089553486472,8,8,2.4941999912261963,8,True,1.0,vast,dummy,0,vast
605,921.3271935704018,10,12,2.8864998817443848,7,True,1.0,rice,dummy,0,rice
804,876.069860769306,7,3,1.8324999809265137,9,True,1.0,bran,dummy,0,bran
634,898.862336659158,11,10,2.456399917602539,6,True,1.0,poop,dummy,0,poop
976,858.1400827840129,7,3,2.1522998809814453,8,True,1.0,turd,dummy,0,turd
624,914.7987146608682,11,11,2.2788000106811523,11,True,1.0,lace,dummy,0,lace
1275,909.8501759237927,9,7,3.7862000465393066,8,True,1.0,felt,dummy,0,felt
656,805.2292584997974,6,2,3.935800075531006,10,True,1.0,city,dummy,0,city
730,856.7127902135742,7,3,4.101900100708008,11,True,1.0,town,dummy,0,town
629,848.7983654988159,8,4,3.437299966812134,8,True,1.0,bomb,dummy,0,bomb
977,852.2406556861997,6,3,2.086400032043457,12,True,1.0,nuke,dummy,0,nuke
670,923.9045591353963,9,6,3.083899974822998,15,True,1.0,deck,dummy,0,deck
775,842.5779531035153,7,4,3.7820000648498535,7,True,1.0,step,dummy,0,step
636,832.5087496902668,7,2,1.3617000579833984,6,True,1.0,gnat,dummy,0,gnat
714,892.5950328915931,8,4,2.06820011138916,12,True,1.0,moth,dummy,0,moth
731,822.2007968227736,6,3,3.338900089263916,10,True,1.0,jury,dummy,0,jury
1025,925.8753288215946,10,14,2.9474000930786133,10,True,1.0,bail,dummy,0,bail
642,898.318654803752,7,3,4.173099994659424,11,True,1.0,door,dummy,0,door
758,917.8468600718854,10,13,1.3802000284194946,7,True,1.0,sill,dummy,0,sill
646,941.7821006792522,11,17,3.3615000247955322,8,True,1.0,cake,dummy,0,cake
956,916.6390657337173,8,7,1.9394999742507935,11,True,1.0,flan,dummy,0,flan
673,892.1792523010806,8,4,2.4914000034332275,11,True,1.0,bats,dummy,0,bats
832,918.2975570742088,11,13,2.6149001121520996,8,True,1.0,mole,dummy,0,mole
981,910.8662801836028,9,7,4.396299839019775,11,True,1.0,show,dummy,0,show
1216,885.7189484417435,9,5,4.257199764251709,8,True,1.0,play,dummy,0,play
729,929.2833831799826,11,12,3.4602999687194824,9,True,1.0,lock,dummy,0,lock
1176,888.5131718939745,7,8,3.863600015640259,14,True,1.0,safe,dummy,0,safe
19,680.9223974596055,5,1,4.02239990234375,3,True,1.0,also,dummy,0,also
1564,765.6119986580527,7,3,2.7987000942230225,4,True,1.0,thus,dummy,0,thus
735,842.3979196330434,7,3,2.3784000873565674,9,True,1.0,lens,dummy,0,lens
1258,682.0874449151103,5,4,2.2600998878479004,5,True,1.0,zoom,dummy,0,zoom
9,805.7375453900236,6,1,0.8450999855995178,9,True,1.0,clef,dummy,0,clef
728,907.4243990478247,9,11,3.756500005722046,10,True,1.0,mike,dummy,0,mike
740,881.1412999357702,7,4,2.0827999114990234,13,True,1.0,meth,dummy,0,meth
1286,893.2477240334256,10,14,2.914299964904785,6,True,1.0,dope,dummy,0,dope
1088,861.2955037946653,8,5,4.557199954986572,9,True,1.0,stop,dummy,0,stop
1184,901.0857118597821,9,5,2.7604000568389893,6,True,1.0,halt,dummy,0,halt
778,796.9125051654802,5,2,2.3578999042510986,12,True,1.0,yoga,dummy,0,yoga
1230,869.5778244283323,8,5,3.266700029373169,8,True,1.0,pray,dummy,0,pray
1236,922.9912177284754,8,4,2.7339999675750732,9,True,1.0,fund,dummy,0,fund
1330,842.3652212118857,6,1,3.6129000186920166,9,True,1.0,rich,dummy,0,rich
1031,918.881186483374,9,11,3.8220999240875244,7,True,1.0,cold,dummy,0,cold
1134,894.819419278481,10,9,3.4249000549316406,4,True,1.0,warm,dummy,0,warm
4,913.8840990270695,10,10,2.444000005722046,8,True,1.0,mint,dummy,0,mint
638,859.5786190195449,6,0,1.2041000127792358,11,True,1.0,aloe,dummy,0,aloe
1372,821.1097924315493,7,4,2.9047000408172607,7,True,1.0,hers,dummy,0,hers
1428,753.1103970207021,6,5,5.5167999267578125,4,True,1.0,your,dummy,0,your
24,803.0029491244688,6,1,3.22189998626709,8,True,1.0,ally,dummy,0,ally
1525,858.0812511524786,8,6,1.7559000253677368,7,True,1.0,tact,dummy,0,tact
1496,915.0865071067249,11,10,5.148399829864502,6,True,1.0,want,dummy,0,want
1536,874.1845022754775,7,8,4.819799900054932,11,True,1.0,need,dummy,0,need
7,845.7226308532729,7,3,3.8712000846862793,6,True,1.0,plan,dummy,0,plan
1039,907.8923232635454,8,4,3.8020999431610107,11,True,1.0,boss,dummy,0,boss
5,906.6476930799702,12,15,3.112600088119507,10,True,1.0,sale,dummy,0,sale
1403,905.7548863539884,10,9,3.447499990463257,8,True,1.0,cost,dummy,0,cost
50,843.1762285443519,7,3,2.450200080871582,9,True,1.0,prey,dummy,0,prey
356,814.3791795625077,6,1,0.7781999707221985,7,True,1.0,bios,dummy,0,bios
10,890.6300827355235,8,7,3.239799976348877,8,True,1.0,mood,dummy,0,mood
1505,763.6544704632769,6,4,2.426500082015991,5,True,1.0,vibe,dummy,0,vibe
33,840.8364117466332,8,6,2.4249000549316406,8,True,1.0,leaf,dummy,0,leaf
741,853.7442120740819,7,4,2.060699939727783,9,True,1.0,stem,dummy,0,stem
13,858.0925839031573,10,8,1.3978999853134155,6,True,1.0,bode,dummy,0,bode
1350,725.6447821641016,5,4,1.9444999694824219,8,True,1.0,omen,dummy,0,omen
67,854.1361645701429,8,6,3.2063000202178955,6,True,1.0,weak,dummy,0,weak
1379,858.6775055512029,8,3,1.875100016593933,4,True,1.0,puny,dummy,0,puny
31,918.4431401423723,10,10,2.5866000652313232,5,True,1.0,bold,dummy,0,bold
1308,911.8468069446604,7,4,2.2040998935699463,13,True,1.0,wimp,dummy,0,wimp
79,834.174996399987,8,5,2.873300075531006,7,True,1.0,spin,dummy,0,spin
783,740.1910779679453,6,2,2.1238999366760254,7,True,1.0,axel,dummy,0,axel
39,918.7176739191684,10,9,1.9394999742507935,11,True,1.0,lard,dummy,0,lard
535,791.0942731057988,7,5,2.657099962234497,13,True,1.0,oven,dummy,0,oven
55,853.5844066424943,8,5,2.8626999855041504,5,True,1.0,flip,dummy,0,flip
966,881.082064801054,10,12,2.816200017929077,6,True,1.0,dive,dummy,0,dive
43,685.9478069916771,4,1,1.6021000146865845,6,True,1.0,yogi,dummy,0,yogi
204,901.3095530090695,7,2,2.89490008354187,10,True,1.0,diet,dummy,0,diet
73,771.7877334001731,6,1,1.2303999662399292,3,True,1.0,gawk,dummy,0,gawk
119,630.5265733056451,5,1,1.3009999990463257,3,True,1.0,ogle,dummy,0,ogle
65,910.6568472952747,10,13,2.1270999908447266,7,True,1.0,hoot,dummy,0,hoot
354,840.8389665133709,7,2,1.6021000146865845,5,True,1.0,purr,dummy,0,purr
107,854.2161706079145,9,12,2.033400058746338,5,True,1.0,vine,dummy,0,vine
173,904.8980556808292,11,12,2.6675000190734863,5,True,1.0,reed,dummy,0,reed
82,909.5217278642092,11,11,2.045300006866455,6,True,1.0,hock,dummy,0,hock
648,904.7864065350416,9,8,1.8632999658584595,5,True,1.0,rump,dummy,0,rump
109,926.7709193755361,10,12,2.846299886703491,8,True,1.0,sail,dummy,0,sail
662,876.9890428702931,8,6,2.950900077819824,9,True,1.0,flag,dummy,0,flag
86,854.2807899064743,8,4,2.381999969482422,7,True,1.0,raft,dummy,0,raft
397,910.808140451553,10,10,2.8101999759674072,7,True,1.0,pump,dummy,0,pump
113,926.4993673619007,10,11,2.342400074005127,9,True,1.0,mold,dummy,0,mold
734,900.9621104196416,8,6,2.4047999382019043,11,True,1.0,slug,dummy,0,slug
89,824.3516251633866,7,4,1.5563000440597534,12,True,1.0,lube,dummy,0,lube
1045,792.7042440400484,6,1,1.6990000009536743,7,True,1.0,oily,dummy,0,oily
93,823.7430683964765,6,2,2.8101999759674072,10,True,1.0,eats,dummy,0,eats
865,915.1574391146818,9,11,3.3664000034332275,10,True,1.0,cook,dummy,0,cook
95,854.4017551485942,7,8,0.7781999707221985,6,True,1.0,eave,dummy,0,eave
660,858.9966969377701,8,7,3.2597999572753906,10,True,1.0,roof,dummy,0,roof
108,897.543252190451,8,3,2.3578999042510986,9,True,1.0,cult,dummy,0,cult
1054,872.698807803441,9,7,3.876699924468994,8,True,1.0,team,dummy,0,team
98,814.0792297415234,6,3,2.8136000633239746,9,True,1.0,hawk,dummy,0,hawk
889,912.955275032575,11,12,1.8632999658584595,8,True,1.0,loon,dummy,0,loon
120,625.8053838204044,4,0,1.7633999586105347,7,True,1.0,afro,dummy,0,afro
1390,833.8735014005473,6,5,1.9394999742507935,10,True,1.0,jive,dummy,0,jive
101,825.6954948271541,7,3,2.983599901199341,9,True,1.0,june,dummy,0,june
1155,908.2011713948071,9,9,4.085100173950195,9,True,1.0,week,dummy,0,week
128,833.9404170137152,7,3,0.9031000137329102,9,True,1.0,alum,dummy,0,alum
582,892.4843396807357,9,4,2.998300075531006,8,True,1.0,salt,dummy,0,salt
102,917.0860503356231,8,6,2.1238999366760254,8,True,1.0,reap,dummy,0,reap
284,837.8449759550615,8,4,1.2553000450134277,7,True,1.0,sown,dummy,0,sown
137,894.7243087174844,8,6,1.9955999851226807,9,True,1.0,fang,dummy,0,fang
675,895.9891414738324,9,6,1.1461000442504883,8,True,1.0,tusk,dummy,0,tusk
111,809.7695214224468,6,1,1.1461000442504883,8,True,1.0,peso,dummy,0,peso
1260,908.8683448985028,7,4,1.986799955368042,11,True,1.0,watt,dummy,0,watt
117,775.3475857020666,7,4,0.8450999855995178,4,True,1.0,glob,dummy,0,glob
978,751.471488548086,6,2,1.4471999406814575,6,True,1.0,ooze,dummy,0,ooze
122,920.8138153777833,10,11,1.0,11,True,1.0,seep,dummy,0,seep
1186,878.4158079338049,9,10,1.5681999921798706,3,True,1.0,gush,dummy,0,gush
127,905.1139226190131,9,9,2.76419997215271,7,True,1.0,cock,dummy,0,cock
604,883.025805057745,9,9,3.0141000747680664,6,True,1.0,wing,dummy,0,wing
123,885.6450740300395,11,15,2.566999912261963,5,True,1.0,bent,dummy,0,bent
478,910.6394081630457,9,10,2.448699951171875,7,True,1.0,warp,dummy,0,warp
151,841.063097935296,8,9,2.9781999588012695,10,True,1.0,vice,dummy,0,vice
858,840.8125629451463,8,9,2.086400032043457,9,True,1.0,swab,dummy,0,swab
131,898.5017162826,11,10,2.429800033569336,6,True,1.0,sole,dummy,0,sole
256,913.4085081662072,10,8,2.5866000652313232,6,True,1.0,bass,dummy,0,bass
187,719.9799348028098,5,1,3.122499942779541,7,True,1.0,amen,dummy,0,amen
316,916.6471464986287,11,13,2.2809998989105225,10,True,1.0,lent,dummy,0,lent
136,888.7979735552262,8,5,2.56820011138916,9,True,1.0,dorm,dummy,0,dorm
383,895.9017447713753,8,5,2.2067999839782715,12,True,1.0,frat,dummy,0,frat
154,845.9294138544265,7,3,1.9493999481201172,5,True,1.0,gasp,dummy,0,gasp
1013,777.6862621105813,6,3,2.240499973297119,7,True,1.0,sigh,dummy,0,sigh
148,815.7556914569939,6,1,3.116300106048584,10,True,1.0,data,dummy,0,data
831,907.8637533588131,10,11,3.351599931716919,11,True,1.0,file,dummy,0,file
153,816.190919203665,6,1,1.4471999406814575,9,True,1.0,noun,dummy,0,noun
1301,779.2723913188318,7,3,5.320700168609619,6,True,1.0,they,dummy,0,they
158,815.4834125621005,6,1,3.486999988555908,3,True,1.0,lots,dummy,0,lots
1431,864.1347241133387,7,2,4.263199806213379,7,True,1.0,many,dummy,0,many
215,898.8070053892449,9,8,2.8006999492645264,12,True,1.0,tire,dummy,0,tire
791,921.9120261754069,10,12,2.170300006866455,10,True,1.0,puck,dummy,0,puck
167,852.5998176301997,8,6,1.1138999462127686,9,True,1.0,nape,dummy,0,nape
322,853.4115614874279,8,5,2.8115999698638916,6,True,1.0,chin,dummy,0,chin
181,925.3514360240906,8,6,2.06820011138916,10,True,1.0,tong,dummy,0,tong
1116,857.2710552994753,9,11,1.9031000137329102,6,True,1.0,spat,dummy,0,spat
172,903.1388382731045,9,10,1.919100046157837,7,True,1.0,gent,dummy,0,gent
274,929.1999810181621,12,14,2.8469998836517334,10,True,1.0,dame,dummy,0,dame
197,885.4478110210573,9,8,2.773099899291992,5,True,1.0,porn,dummy,0,porn
1096,667.6499956334449,4,0,1.9444999694824219,6,True,1.0,orgy,dummy,0,orgy
176,821.9844999552573,6,2,1.9589999914169312,10,True,1.0,gala,dummy,0,gala
1081,916.606545493757,7,3,2.9576001167297363,12,True,1.0,prom,dummy,0,prom
192,835.7510194010222,7,3,3.0381999015808105,6,True,1.0,deny,dummy,0,deny
1435,871.2549118652269,9,11,3.2513999938964844,4,True,1.0,nope,dummy,0,nope
177,816.1678530901759,6,0,3.0834999084472656,6,True,1.0,guts,dummy,0,guts
434,910.9756840450725,10,11,1.6128000020980835,11,True,1.0,bile,dummy,0,bile
206,905.0180687469101,11,15,1.7482000589370728,10,True,1.0,soot,dummy,0,soot
1135,658.2594618179972,6,2,1.079200029373169,6,True,1.0,inky,dummy,0,inky
180,833.5804578601616,7,5,2.52239990234375,8,True,1.0,vain,dummy,0,vain
298,831.8857203875192,7,2,2.859100103378296,9,True,1.0,self,dummy,0,self
193,887.7232274969458,7,3,1.857300043106079,11,True,1.0,gout,dummy,0,gout
519,771.6783819694285,5,1,2.8750998973846436,8,True,1.0,knee,dummy,0,knee
190,881.5017510930724,9,6,1.1138999462127686,4,True,1.0,meld,dummy,0,meld
1290,764.2099724364678,6,1,2.0492000579833984,5,True,1.0,ante,dummy,0,ante
201,856.5904381041673,10,8,1.7924000024795532,6,True,1.0,bony,dummy,0,bony
811,729.0084220280395,5,0,2.1270999908447266,7,True,1.0,jaws,dummy,0,jaws
200,660.9998145933538,5,3,1.0,3,True,1.0,boxy,dummy,0,boxy
607,912.6488729335728,9,11,2.7274999618530273,11,True,1.0,dice,dummy,0,dice
247,853.5382500167377,8,9,2.158400058746338,7,True,1.0,stat,dummy,0,stat
1423,659.1607881816633,5,1,2.2788000106811523,6,True,1.0,info,dummy,0,info
205,934.362046014587,10,13,2.748199939727783,8,True,1.0,lick,dummy,0,lick
218,871.731784572019,8,6,1.4914000034332275,10,True,1.0,balm,dummy,0,balm
254,604.7826603181214,4,0,3.5051000118255615,3,True,1.0,upon,dummy,0,upon
1406,746.4589799540385,6,2,4.82919979095459,7,True,1.0,over,dummy,0,over
209,864.3444080183772,8,4,3.1835999488830566,5,True,1.0,gosh,dummy,0,gosh
1233,877.7388660120123,8,9,4.285699844360352,6,True,1.0,fuck,dummy,0,fuck
235,826.0429176108348,6,3,1.3009999990463257,8,True,1.0,kiln,dummy,0,kiln
357,876.7256135193184,8,7,2.7874999046325684,7,True,1.0,clay,dummy,0,clay
227,802.0353097253552,6,1,2.8369998931884766,4,True,1.0,blah,dummy,0,blah
1332,693.4446166979467,5,2,2.1522998809814453,5,True,1.0,idle,dummy,0,idle
229,837.3981925484229,7,4,2.322200059890747,8,True,1.0,curb,dummy,0,curb
1487,869.1061643685665,7,4,4.160200119018555,10,True,1.0,damn,dummy,0,damn
232,880.1237652342818,9,13,2.1138999462127686,5,True,1.0,rave,dummy,0,rave
330,820.682232574318,6,2,2.004300117492676,10,True,1.0,hula,dummy,0,hula
253,827.6269580735079,7,4,1.6232000589370728,5,True,1.0,drab,dummy,0,drab
302,654.5558045645997,3,1,1.0,7,True,1.0,ashy,dummy,0,ashy
242,909.5471599083688,11,10,3.203000068664551,9,True,1.0,bond,dummy,0,bond
837,794.8953261964858,5,1,2.3364999294281006,12,True,1.0,visa,dummy,0,visa
279,835.780184084847,6,1,2.3617000579833984,8,True,1.0,trek,dummy,0,trek
853,887.5328703103851,9,6,3.417099952697754,7,True,1.0,camp,dummy,0,camp
245,901.3623076793422,9,11,2.1461000442504883,7,True,1.0,tame,dummy,0,tame
1417,871.45740852501,8,4,3.4660000801086426,6,True,1.0,wild,dummy,0,wild
283,810.3942098308295,6,1,2.5011000633239746,8,True,1.0,crib,dummy,0,crib
473,915.4360257844339,11,12,2.506500005722046,9,True,1.0,bunk,dummy,0,bunk
248,902.5055504652415,9,5,2.5762999057769775,11,True,1.0,monk,dummy,0,monk
1415,928.6660582035978,12,16,4.38040018081665,9,True,1.0,hell,dummy,0,hell
306,868.4977093072517,8,4,1.8260999917984009,7,True,1.0,duet,dummy,0,duet
986,795.6073519085255,6,2,1.8260999917984009,5,True,1.0,trio,dummy,0,trio
265,897.4266263940215,10,11,1.875100016593933,4,True,1.0,rite,dummy,0,rite
1148,860.9126161345497,7,2,1.579800009727478,9,True,1.0,sect,dummy,0,sect
293,826.6034917061188,6,1,2.6364998817443848,9,True,1.0,drum,dummy,0,drum
708,895.0567232435426,8,6,2.09689998626709,8,True,1.0,gong,dummy,0,gong
289,848.0192591421321,7,3,1.715999960899353,8,True,1.0,perm,dummy,0,perm
522,857.0447855895584,8,5,2.4914000034332275,8,True,1.0,comb,dummy,0,comb
313,887.244768999383,11,12,2.8041000366210938,6,True,1.0,slap,dummy,0,slap
822,910.0567109496476,10,9,3.3183000087738037,7,True,1.0,bite,dummy,0,bite
295,932.2789292827038,11,12,2.0413999557495117,10,True,1.0,lice,dummy,0,lice
712,885.5780397852952,9,6,2.6963999271392822,6,True,1.0,bald,dummy,0,bald
344,600.1905100532701,3,1,1.3802000284194946,4,True,1.0,ajar,dummy,0,ajar
1182,866.3469826713832,8,5,4.128900051116943,6,True,1.0,shut,dummy,0,shut
320,917.990924700454,8,4,1.3423999547958374,10,True,1.0,doer,dummy,0,doer
1416,856.7957711488507,8,4,3.735100030899048,5,True,1.0,busy,dummy,0,busy
325,880.1054169183068,9,7,3.3385000228881836,4,True,1.0,main,dummy,0,main
486,687.1348090135368,5,1,1.2041000127792358,5,True,1.0,crux,dummy,0,crux
323,933.5659114635891,10,12,2.004300117492676,8,True,1.0,dome,dummy,0,dome
722,926.3286159417703,12,15,3.4231998920440674,7,True,1.0,hall,dummy,0,hall
372,796.6816264410579,5,1,3.924299955368042,12,True,1.0,news,dummy,0,news
1484,817.6048745977344,8,3,5.700699806213379,6,True,1.0,what,dummy,0,what
334,899.3566248418003,8,4,1.2553000450134277,11,True,1.0,hemp,dummy,0,hemp
363,924.7126316987327,10,13,1.9589999914169312,9,True,1.0,dill,dummy,0,dill
336,866.5399324429069,9,11,1.7482000589370728,7,True,1.0,gore,dummy,0,gore
907,902.2167800969592,9,5,1.968500018119812,6,True,1.0,clot,dummy,0,clot
343,912.3215083325634,8,8,2.539099931716919,8,True,1.0,loop,dummy,0,loop
497,839.5047097612793,7,2,3.1350998878479004,3,True,1.0,tied,dummy,0,tied
361,922.8805434309658,10,13,2.762700080871582,10,True,1.0,heal,dummy,0,heal
370,914.3758315885107,11,11,3.026900053024292,9,True,1.0,cure,dummy,0,cure
348,849.4586760018149,10,8,1.3221999406814575,8,True,1.0,vise,dummy,0,vise
659,929.1290550807149,10,12,3.287600040435791,7,True,1.0,hook,dummy,0,hook
392,808.8896375129842,6,3,1.8062000274658203,8,True,1.0,kelp,dummy,0,kelp
586,927.7128344699535,9,8,2.3032000064849854,11,True,1.0,clam,dummy,0,clam
349,827.6484349731636,8,7,2.1522998809814453,7,True,1.0,woof,dummy,0,woof
1219,796.7519487052756,6,7,1.7482000589370728,5,True,1.0,oink,dummy,0,oink
373,911.3940877156699,11,13,1.924299955368042,6,True,1.0,mast,dummy,0,mast
455,915.3910177689182,11,13,2.3345000743865967,7,True,1.0,hull,dummy,0,hull
374,741.5459478782618,6,4,1.4471999406814575,4,True,1.0,tyke,dummy,0,tyke
748,792.0508542165356,6,2,4.186299800872803,6,True,1.0,kids,dummy,0,kids
382,879.8774970677711,8,5,1.531499981880188,11,True,1.0,blog,dummy,0,blog
710,929.7967903500996,10,15,3.274199962615967,11,True,1.0,mail,dummy,0,mail
393,913.4523925348515,9,9,2.8608999252319336,8,True,1.0,corn,dummy,0,corn
666,841.1455280411358,7,3,2.0253000259399414,11,True,1.0,oats,dummy,0,oats
403,634.9981938442077,4,0,2.6884000301361084,6,True,1.0,envy,dummy,0,envy
492,876.7044573590343,10,10,2.4547998905181885,3,True,1.0,lust,dummy,0,lust
398,898.795419467958,8,4,3.1092000007629395,9,True,1.0,soup,dummy,0,soup
556,812.2979609832192,6,2,2.2014000415802,11,True,1.0,taco,dummy,0,taco
426,900.6011042257844,9,7,2.4828999042510986,8,True,1.0,peak,dummy,0,peak
1178,632.3003512508546,4,0,1.6434999704360962,5,True,1.0,apex,dummy,0,apex
408,820.8305178960167,6,3,2.340399980545044,7,True,1.0,turf,dummy,0,turf
553,827.1632364308505,7,4,2.799999952316284,5,True,1.0,lawn,dummy,0,lawn
415,834.5806051242059,6,1,1.579800009727478,12,True,1.0,mono,dummy,0,mono
1173,837.7921864917507,6,2,1.740399956703186,13,True,1.0,aids,dummy,0,aids
411,870.1897698145192,8,5,3.81850004196167,8,True,1.0,poor,dummy,0,poor
968,921.3695682163216,10,9,1.8194999694824219,12,True,1.0,slum,dummy,0,slum
425,839.5057955223596,7,6,1.9138000011444092,14,True,1.0,yarn,dummy,0,yarn
580,916.0848905466815,10,12,1.7633999586105347,9,True,1.0,bead,dummy,0,bead
413,910.2571450539612,10,13,1.3978999853134155,10,True,1.0,pane,dummy,0,pane
882,904.4691780215719,12,11,1.9776999950408936,6,True,1.0,slab,dummy,0,slab
431,817.7420456485257,6,1,4.044600009918213,4,True,1.0,goes,dummy,0,goes
1442,682.0950015819524,6,3,4.634200096130371,5,True,1.0,into,dummy,0,into
423,859.4958748046674,9,7,2.895400047302246,6,True,1.0,flew,dummy,0,flew
1097,909.5444063217492,10,9,1.8976000547409058,6,True,1.0,soar,dummy,0,soar
449,660.2958924420456,5,3,2.591099977493286,4,True,1.0,unto,dummy,0,unto
1460,684.1043629057568,4,0,3.058799982070923,8,True,1.0,thou,dummy,0,thou
443,903.1836303170464,10,8,1.4471999406814575,10,True,1.0,musk,dummy,0,musk
861,917.5372847436387,9,8,4.383999824523926,8,True,1.0,shit,dummy,0,shit
446,836.4106422106282,7,3,1.6901999711990356,8,True,1.0,gimp,dummy,0,gimp
1283,886.3604272719001,9,10,3.433000087738037,8,True,1.0,code,dummy,0,code
447,690.6639396254611,4,0,2.439300060272217,9,True,1.0,ammo,dummy,0,ammo
874,911.4282882062423,8,4,3.0852999687194824,9,True,1.0,trap,dummy,0,trap
448,919.2451010103481,10,9,2.5464999675750732,8,True,1.0,bolt,dummy,0,bolt
551,862.413753404536,7,10,2.978600025177002,8,True,1.0,nail,dummy,0,nail
461,917.0144541785943,11,13,2.544100046157837,7,True,1.0,bean,dummy,0,bean
667,642.2123498082614,4,0,1.431399941444397,9,True,1.0,okra,dummy,0,okra
471,916.3158308532569,9,8,1.7924000024795532,14,True,1.0,dusk,dummy,0,dusk
1244,716.6837333272324,6,2,1.6232000589370728,3,True,1.0,hazy,dummy,0,hazy
468,867.4468996665753,8,4,1.8920999765396118,6,True,1.0,cram,dummy,0,cram
1355,640.8808424737242,4,0,0.8450999855995178,6,True,1.0,ditz,dummy,0,ditz
485,891.6334502875403,9,7,2.075500011444092,7,True,1.0,flop,dummy,0,flop
1527,777.7368509747855,7,3,1.924299955368042,7,True,1.0,hype,dummy,0,hype
481,867.765866714951,7,2,1.4914000034332275,6,True,1.0,coed,dummy,0,coed
816,906.3837705796341,9,9,3.295599937438965,9,True,1.0,dean,dummy,0,dean
494,813.0365736602255,6,1,1.6128000020980835,8,True,1.0,saga,dummy,0,saga
1463,645.2984481128626,4,0,2.0827999114990234,7,True,1.0,epic,dummy,0,epic
484,681.6482062085727,5,0,2.340399980545044,6,True,1.0,iced,dummy,0,iced
771,933.9599834873025,10,11,2.0413999557495117,7,True,1.0,rink,dummy,0,rink
520,916.4601968930092,9,6,2.730799913406372,10,True,1.0,goat,dummy,0,goat
803,824.9606855153974,7,3,2.18179988861084,8,True,1.0,calf,dummy,0,calf
509,928.8971366918828,11,16,3.7286999225616455,8,True,1.0,ball,dummy,0,ball
674,877.6768481170927,8,4,1.8513000011444092,7,True,1.0,mitt,dummy,0,mitt
574,917.9098869888142,9,9,2.7135000228881836,8,True,1.0,worm,dummy,0,worm
1027,818.2419657277528,6,1,2.1461000442504883,7,True,1.0,grub,dummy,0,grub
515,925.0829145109271,9,9,3.1208999156951904,14,True,1.0,bike,dummy,0,bike
525,902.5512853451835,9,6,2.176100015640259,7,True,1.0,sled,dummy,0,sled
539,915.0811149321831,9,7,3.0048000812530518,8,True,1.0,mask,dummy,0,mask
818,851.3137309730176,7,2,2.18179988861084,7,True,1.0,veil,dummy,0,veil
517,914.9289997505023,11,9,3.015399932861328,9,True,1.0,sand,dummy,0,sand
1065,809.3297272062898,6,3,1.8260999917984009,9,True,1.0,mesa,dummy,0,mesa
588,901.0551749024611,8,8,1.9493999481201172,13,True,1.0,hoof,dummy,0,hoof
635,881.867372297648,8,7,2.3501999378204346,10,True,1.0,claw,dummy,0,claw
523,906.9979632417928,9,6,2.2945001125335693,9,True,1.0,vase,dummy,0,vase
756,766.3992987173995,5,0,2.2764999866485596,9,True,1.0,arch,dummy,0,arch
540,922.1514188466293,10,14,2.950900077819824,8,True,1.0,tent,dummy,0,tent
594,897.8686821665017,9,9,2.895400047302246,6,True,1.0,hood,dummy,0,hood
552,899.77161312977,9,6,2.889899969100952,9,True,1.0,soap,dummy,0,soap
973,861.9281928108473,8,7,2.935499906539917,5,True,1.0,wipe,dummy,0,wipe
584,908.8173751282678,10,10,2.664599895477295,9,True,1.0,cart,dummy,0,cart
926,879.0394558593173,8,8,2.2227001190185547,8,True,1.0,reel,dummy,0,reel
558,906.3780652899811,8,5,3.3364999294281006,12,True,1.0,milk,dummy,0,milk
704,835.7556663672336,6,2,0.6990000009536743,12,True,1.0,whey,dummy,0,whey
606,865.7052473012634,8,12,2.7535998821258545,7,True,1.0,nest,dummy,0,nest
809,900.3207239265939,10,10,2.7235000133514404,4,True,1.0,coop,dummy,0,coop
564,850.0156614202826,10,9,3.545599937438965,8,True,1.0,tape,dummy,0,tape
932,866.2314208452419,7,2,2.9586000442504883,9,True,1.0,wrap,dummy,0,wrap
565,910.3990983404623,10,12,3.5201001167297363,10,True,1.0,foot,dummy,0,foot
611,871.2273816222838,10,7,2.198699951171875,6,True,1.0,shin,dummy,0,shin
571,911.5379206725349,11,10,3.0945000648498535,9,True,1.0,belt,dummy,0,belt
724,870.2352001391807,9,10,1.770900011062622,4,True,1.0,sash,dummy,0,sash
577,851.3603432816708,8,5,2.547800064086914,7,True,1.0,crab,dummy,0,crab
879,931.7015059870473,11,13,1.7853000164031982,9,True,1.0,mite,dummy,0,mite
575,895.8896946850264,9,9,2.6542000770568848,8,True,1.0,fork,dummy,0,fork
630,930.7423263153967,9,14,2.1847000122070312,7,True,1.0,rake,dummy,0,rake
787,916.2243051430708,10,8,2.2600998878479004,7,True,1.0,mist,dummy,0,mist
913,759.26224446717,5,2,1.1138999462127686,7,True,1.0,dewy,dummy,0,dewy
617,835.6967289110471,6,1,4.453499794006348,6,True,1.0,girl,dummy,0,girl
862,801.5566794398184,6,2,4.0441999435424805,10,True,1.0,lady,dummy,0,lady
719,904.5822331487179,8,5,2.827399969100952,10,True,1.0,whip,dummy,0,whip
1066,859.1148605197013,8,4,1.5563000440597534,4,True,1.0,prod,dummy,0,prod
639,815.0365348742394,6,5,3.1068999767303467,12,True,1.0,yard,dummy,0,yard
930,920.8417782075991,8,7,4.596499919891357,9,True,1.0,home,dummy,0,home
697,879.4119159977305,7,3,3.5223000049591064,13,True,1.0,film,dummy,0,film
1028,816.4926675369784,8,8,1.6334999799728394,10,True,1.0,skit,dummy,0,skit
643,908.35403581273,9,10,3.674999952316284,9,True,1.0,ring,dummy,0,ring
644,915.8297270353694,9,9,3.6050000190734863,13,True,1.0,gold,dummy,0,gold
702,784.5278690301724,7,7,1.5184999704360962,8,True,1.0,scab,dummy,0,scab
999,910.6823919868264,10,11,3.072200059890747,9,True,1.0,cast,dummy,0,cast
650,913.3247248251216,9,7,3.116300106048584,6,True,1.0,tank,dummy,0,tank
705,807.9171754552655,6,1,3.6405999660491943,11,True,1.0,army,dummy,0,army
669,907.3191002909549,9,8,3.379699945449829,10,True,1.0,pool,dummy,0,pool
1563,911.0753672670292,8,4,2.6041998863220215,7,True,1.0,mere,dummy,0,mere
679,875.4542186165445,8,9,2.2600998878479004,10,True,1.0,veal,dummy,0,veal
842,855.3256760261568,8,4,1.2788000106811523,6,True,1.0,loin,dummy,0,loin
685,879.2969232447012,7,3,2.2067999839782715,7,True,1.0,duct,dummy,0,duct
693,921.8620531095752,11,13,3.14739990234375,10,True,1.0,wire,dummy,0,wire
687,824.41712389858,7,3,2.459399938583374,7,True,1.0,tomb,dummy,0,tomb
1047,879.206301055962,9,7,3.0232999324798584,6,True,1.0,bury,dummy,0,bury
743,913.5398023249165,9,10,3.1682000160217285,11,True,1.0,meal,dummy,0,meal
943,884.4340875617876,9,10,2.257699966430664,4,True,1.0,hash,dummy,0,hash
716,911.3046851670558,10,10,4.040999889373779,10,True,1.0,fire,dummy,0,fire
906,908.019400587557,9,6,2.4828999042510986,9,True,1.0,boil,dummy,0,boil
810,865.0093830927266,10,7,2.2764999866485596,4,True,1.0,prop,dummy,0,prop
1196,807.8204546652229,8,9,1.8194999694824219,7,True,1.0,scat,dummy,0,scat
718,906.0364923085075,10,10,3.4354000091552734,9,True,1.0,band,dummy,0,band
1215,716.7430425940419,5,0,1.6720999479293823,8,True,1.0,opus,dummy,0,opus
762,923.7627254688314,9,11,2.2227001190185547,10,True,1.0,cove,dummy,0,cove
945,840.0322367111323,7,3,2.3838000297546387,8,True,1.0,gulf,dummy,0,gulf
749,882.0979594414499,8,7,3.436500072479248,8,True,1.0,note,dummy,0,note
891,820.3409032225418,6,1,2.528899908065796,8,True,1.0,memo,dummy,0,memo
757,778.4573358616035,5,0,1.3978999853134155,6,True,1.0,suds,dummy,0,suds
854,918.3094005919329,9,11,3.3176000118255615,9,True,1.0,wash,dummy,0,wash
759,920.8986379861992,11,13,2.2788000106811523,9,True,1.0,mink,dummy,0,mink
944,892.2307126066513,8,5,1.6901999711990356,8,True,1.0,pelt,dummy,0,pelt
799,875.6820638488958,9,6,2.8420000076293945,7,True,1.0,chop,dummy,0,chop
997,855.2200097398445,7,4,2.340399980545044,6,True,1.0,trim,dummy,0,trim
768,894.2713935614465,9,8,2.9916999340057373,11,True,1.0,site,dummy,0,site
1079,792.9278783695088,5,0,3.5822999477386475,7,True,1.0,area,dummy,0,area
825,874.6089303196311,8,7,3.187000036239624,8,True,1.0,gang,dummy,0,gang
1162,910.074574131181,9,8,2.322200059890747,10,True,1.0,clan,dummy,0,clan
817,917.7689904308479,12,18,3.2385001182556152,10,True,1.0,male,dummy,0,male
846,832.0242930400367,6,3,2.2504000663757324,10,True,1.0,womb,dummy,0,womb
1203,833.5690058259313,7,2,2.0413999557495117,6,True,1.0,blur,dummy,0,blur
1298,909.7101404221561,9,8,4.293000221252441,7,True,1.0,seen,dummy,0,seen
823,781.8270423587037,5,0,3.337100028991699,9,True,1.0,papa,dummy,0,papa
826,826.950524478221,6,1,2.9646999835968018,5,True,1.0,sons,dummy,0,sons
886,884.5453959228322,7,2,1.6720999479293823,10,True,1.0,brie,dummy,0,brie
911,918.2449813316537,9,7,1.3617000579833984,8,True,1.0,curd,dummy,0,curd
855,877.0121912915581,11,10,3.6970999240875244,5,True,1.0,sing,dummy,0,sing
1024,809.6138336327933,7,10,2.973099946975708,9,True,1.0,yell,dummy,0,yell
1072,810.3333750292452,6,2,2.6730000972747803,7,True,1.0,arts,dummy,0,arts
1408,896.4089968175992,9,7,1.9955999851226807,10,True,1.0,muse,dummy,0,muse
857,917.6052107332509,10,12,2.7283999919891357,8,True,1.0,root,dummy,0,root
878,848.7604294643919,7,3,1.973099946975708,6,True,1.0,pulp,dummy,0,pulp
871,860.7008828514084,8,8,4.10830020904541,7,True,1.0,jack,dummy,0,jack
884,926.9371387011477,8,11,2.9121999740600586,11,True,1.0,gear,dummy,0,gear
869,894.8294690833485,9,7,3.436500072479248,10,True,1.0,shop,dummy,0,shop
1154,919.3131854053984,9,9,4.609600067138672,7,True,1.0,work,dummy,0,work
983,917.5224426660601,12,18,3.827199935913086,8,True,1.0,beat,dummy,0,beat
1254,908.7708074702654,10,10,2.689300060272217,9,True,1.0,pace,dummy,0,pace
890,805.216759674339,6,3,2.706700086593628,11,True,1.0,acid,dummy,0,acid
1245,907.1046832167974,10,10,2.4742000102996826,7,True,1.0,sour,dummy,0,sour
947,914.5715906617218,10,8,4.639500141143799,9,True,1.0,talk,dummy,0,talk
1167,797.5421156392687,6,2,2.344399929046631,6,True,1.0,oral,dummy,0,oral
935,923.3202129593541,12,16,2.498300075531006,6,True,1.0,fare,dummy,0,fare
1140,912.5025306277199,10,9,2.2355000972747803,9,True,1.0,toll,dummy,0,toll
1212,712.3226518992959,6,2,0.9031000137329102,8,True,1.0,quip,dummy,0,quip
1468,847.949839163063,8,10,1.8387999534606934,8,True,1.0,jest,dummy,0,jest
941,879.5385406481079,8,7,2.799999952316284,7,True,1.0,bump,dummy,0,bump
1221,899.3554788744157,10,13,2.884200096130371,9,True,1.0,sore,dummy,0,sore
1280,783.5061615969664,6,2,2.2788000106811523,5,True,1.0,tidy,dummy,0,tidy
1405,843.5707212707988,8,10,2.803499937057495,8,True,1.0,neat,dummy,0,neat
985,622.2971743756377,4,1,1.857300043106079,6,True,1.0,ogre,dummy,0,ogre
989,660.0782566143344,4,0,1.1761000156402588,8,True,1.0,yeti,dummy,0,yeti
1206,919.2995133978735,12,12,3.588599920272827,6,True,1.0,slow,dummy,0,slow
1440,866.3749639035992,8,7,1.7853000164031982,4,True,1.0,lull,dummy,0,lull
1000,825.4428038327667,6,0,2.178999900817871,8,True,1.0,meow,dummy,0,meow
1043,833.8858492580954,7,4,2.0253000259399414,6,True,1.0,howl,dummy,0,howl
1121,712.7160820585216,4,0,1.8976000547409058,10,True,1.0,guru,dummy,0,guru
1494,901.2377218363457,9,9,3.1623001098632812,10,True,1.0,wise,dummy,0,wise
1020,883.2297694569157,8,8,4.163099765777588,11,True,1.0,five,dummy,0,five
1314,693.9954125446864,4,1,3.039400100708008,8,True,1.0,zero,dummy,0,zero
1218,867.9035235911712,9,7,1.9911999702453613,6,True,1.0,bulk,dummy,0,bulk
1365,603.6135028147373,4,1,4.24429988861084,6,True,1.0,used,dummy,0,used
1075,845.6708915628715,7,3,3.3078999519348145,6,True,1.0,loud,dummy,0,loud
1098,901.2667292724676,10,16,4.452199935913086,4,True,1.0,hear,dummy,0,hear
1360,629.6044507818425,4,0,2.659899950027466,5,True,1.0,obey,dummy,0,obey
1382,908.0807174780457,8,5,3.390199899673462,8,True,1.0,rule,dummy,0,rule
1110,922.6638951753191,13,17,3.0302000045776367,7,True,1.0,mile,dummy,0,mile
1397,623.7853597739756,4,1,1.7782000303268433,4,True,1.0,afar,dummy,0,afar
1328,713.2723036583641,5,1,3.6589999198913574,6,True,1.0,kept,dummy,0,kept
1371,882.5886208261793,9,8,4.2418999671936035,5,True,1.0,took,dummy,0,took
1166,822.7218408598371,8,9,1.3221999406814575,5,True,1.0,doze,dummy,0,doze
1276,917.6114437340077,10,11,4.035900115966797,5,True,1.0,rest,dummy,0,rest
1452,630.4011832770087,4,0,2.9872000217437744,9,True,1.0,odds,dummy,0,odds
1500,755.6103184505628,6,2,1.6812000274658203,4,True,1.0,vary,dummy,0,vary
1214,854.8057321726035,7,12,4.151500225067139,10,True,1.0,year,dummy,0,year
1341,846.4242212334341,6,0,2.983599901199341,11,True,1.0,noel,dummy,0,noel
1344,856.9604563461282,8,5,3.9446001052856445,7,True,1.0,fact,dummy,0,fact
1534,821.161337334511,6,1,4.111299991607666,5,True,1.0,true,dummy,0,true
1256,845.6693180178172,7,5,3.9179000854492188,6,True,1.0,hour,dummy,0,hour
1263,876.7752094841774,9,7,4.999499797821045,5,True,1.0,time,dummy,0,time
1334,840.5094598733574,8,3,3.7534000873565674,5,True,1.0,less,dummy,0,less
1537,836.4299045275787,8,4,4.695799827575684,6,True,1.0,much,dummy,0,much
1304,893.8494915165036,11,9,1.2553000450134277,5,True,1.0,bonk,dummy,0,bonk
1353,814.7979230099919,8,4,1.9955999851226807,6,True,1.0,wham,dummy,0,wham
1364,924.7299195336618,11,15,4.327899932861328,10,True,1.0,same,dummy,0,same
1533,705.0001179050902,5,1,1.1761000156402588,5,True,1.0,akin,dummy,0,akin
1323,892.206800865329,9,6,1.4471999406814575,8,True,1.0,dolt,dummy,0,dolt
1325,741.9599653596466,5,0,1.9138000011444092,5,True,1.0,redo,dummy,0,redo
1433,855.7895586905679,7,3,3.9416000843048096,8,True,1.0,glad,dummy,0,glad
1492,915.2095225356786,8,10,4.0391998291015625,9,True,1.0,hate,dummy,0,hate
1358,900.203321629791,11,10,4.145400047302246,7,True,1.0,lost,dummy,0,lost
1368,896.1618403275297,10,10,4.627200126647949,5,True,1.0,find,dummy,0,find
1439,747.8727271930637,5,7,1.5051000118255615,8,True,1.0,zeal,dummy,0,zeal
1444,850.9618849742556,7,3,1.770900011062622,8,True,1.0,glee,dummy,0,glee
1373,721.6881987577392,6,2,2.460900068283081,5,True,1.0,cozy,dummy,0,cozy
1391,787.7218369989403,7,4,1.8691999912261963,5,True,1.0,snug,dummy,0,snug
1464,885.4327536576105,9,11,5.497300148010254,6,True,1.0,have,dummy,0,have
1501,879.3649180394486,9,9,4.947299957275391,5,True,1.0,been,dummy,0,been
1385,889.3802383724676,8,6,4.671899795532227,8,True,1.0,help,dummy,0,help
1438,929.3672879747089,13,20,4.393599987030029,7,True,1.0,care,dummy,0,care
1401,922.797679134801,10,12,4.39300012588501,11,True,1.0,mind,dummy,0,mind
1511,886.1824302704132,8,4,3.5940001010894775,7,True,1.0,soul,dummy,0,soul
1420,877.2645763273665,8,6,2.8685998916625977,5,True,1.0,foul,dummy,0,foul
1515,765.3326954846334,6,8,2.2899999618530273,6,True,1.0,yuck,dummy,0,yuck
1498,637.4472027994406,4,0,2.5315001010894775,9,True,1.0,urge,dummy,0,urge
1539,853.2040566276577,8,5,2.079200029373169,6,True,1.0,whim,dummy,0,whim
1458,866.9964724551686,7,5,1.8976000547409058,8,True,1.0,ploy,dummy,0,ploy
1554,879.9486670766173,11,8,1.934499979019165,4,True,1.0,ruse,dummy,0,ruse
1531,658.5658640082804,4,3,1.4149999618530273,5,True,1.0,avid,dummy,0,avid
1548,814.0738452793876,7,5,2.359800100326538,5,True,1.0,keen,dummy,0,keen
